1.3247894759807086,2.611784981892913,1.2252837393811906,1.1753295473634475
1.4208208604648274,2.584406149815882,1.3213585164346346,1.1904649714408153
1.5194537011681277,2.5690467751107935,1.4196293511613514,1.2016297071851232
1.6191998171585054,2.565838269649541,1.5193201650665455,1.2088592105666562
1.7185092268236464,2.575615463960568,1.545165863107565,1.2113246438332093
1.8153381463018965,2.5997674194767524,1.479699379521595,1.2074156038483688
1.9083181744586482,2.6361552811142217,1.4216026900274366,1.1989176406379105
1.9961728585983118,2.683641643205464,1.3684777971867257,1.1864825262542893
2.079900957606964,2.7380851483582016,1.3209633217342245,1.1742982109740023
2.159614098658395,2.798280237486647,1.2860611692192003,1.163527103259868
2.236671983033523,2.8618536023948287,1.2608195279783818,1.1569824304701943
2.310902202156973,2.9287184075178834,1.234243325465651,1.15470776550139
2.383963235227169,2.9968646931497123,1.21454295821926,1.158184507213808
2.454132563250209,3.0679236401821703,1.1940789158805116,1.1586983118366145
2.5202629175474227,3.1427758669629924,1.1832926276476659,1.1622754555873385
2.5827499258886912,3.2207247675795174,1.1737629209493377,1.1639737756477322
2.6433681695195754,3.300141134474674,1.1586932654804432,1.162184074132714
2.7037515463469264,3.3797318227098496,1.1449280652603593,1.150802723745241
2.7631975490380367,3.4600317549615895,1.1409614315789487,1.145627176267779
2.8233329208609157,3.5398158781948865,1.1355379825577212,1.142834030455366
2.8841189215127003,3.6190942816308476,1.1308711312905686,1.1420729272091372
2.9481100586548865,3.69581276792379,1.1196703575936922,1.136265465867589
3.015757971606188,3.769317034228613,1.1070134938552445,1.1440676767700886
3.0877854724820453,3.8384796496545457,1.097128201075913,1.166235477394828
3.1663221686515453,3.9001505589184458,1.08636303664657,1.1781612655019877
3.250257105474846,3.9542981255237257,1.075463110626063,1.203174042051301
3.337309252527482,4.003295332394453,1.0642485236664678,1.2413254146250055
3.4260708045964345,4.049148061794234,1.0541557714181673,1.2892375429014014
3.515257559010627,4.094176244497078,1.0525558272858007,1.3267156834210871
3.604655752288218,4.138784382519805,1.0599421635451673,1.3684403444866147
3.6928440855980056,4.18571791273883,1.0791417377208248,1.413710401771981
3.7790089567670155,4.236258079547303,1.110944518808438,1.4444430301981621
3.860558052644733,4.293848181936564,1.1579805393328668,1.464713358295017
3.93393857265431,4.361412242855398,1.2215536105090907,1.4788603324966465
3.993083249515015,4.44170744530357,1.3019974163280164,1.4806261100385405
4.035625475591959,4.53190412596175,1.3938307112484711,1.452211312452681
4.064314331806119,4.627541089061226,1.491070017293699,1.4079734030989124
4.082016793241434,4.725784200682926,1.5903483573867017,1.3592942460632678
4.088210965425573,4.825451083861284,1.6901972249746189,1.2988871514348117
4.085879651019445,4.9253074561265615,1.7896156853361675,1.230177505892972
4.077635060031465,5.024863673508694,1.888405709772278,1.1650732814826388
4.065969428808057,5.124086648217294,1.986788040674721,1.0941219229353973
4.05384860185934,5.223258178964194,2.085243339463223,1.0211423916767586
4.042691625167585,5.322541353724812,2.1839786380717703,0.9537993961509422
4.034266263718455,5.422088193858307,2.283166908144015,0.8932291076413759
4.029978511436876,5.521897669241845,2.3827955778642274,0.8194859072669114
4.026427465503122,5.621739230722073,2.4824978977369447,0.7457773937786621
4.018854807726833,5.721352418560279,2.5818925431667457,0.673087617650582
4.0107835743748,5.820935409610723,2.68128509045633,0.6077663620168512
4.004943232055715,5.896448349949659,2.7566831012636315,0.5652679390916675
4.0126968406129215,5.796840093504813,2.6572315094567807,0.6226978644302794
4.0208650693348105,5.697264997231561,2.557858619011357,0.6901764056499236
4.0276361646053855,5.597599690118208,2.4584001437312875,0.7638847395471394
4.030803575955507,5.497740592626591,2.358673737901544,0.8366833189255672
4.035962060927156,5.397976591798672,2.259124732932593,0.9081692717972124
4.039644782813388,5.29815084519335,2.159491167030034,0.9650817402433616
4.039761642673677,5.198245491328319,2.0596618486762557,1.0258707274135908
4.037856748770044,5.098354533208209,1.9597731718280378,1.0909580197007867
4.035643857753936,4.998469624813085,1.8598801613923246,1.1587524779487248
4.035152899964401,4.898565197817296,1.7600423278511261,1.2215964105079904
4.038374572895911,4.798720461462281,1.6604436787866321,1.2806062545950885
4.047446804220758,4.699252571697488,1.5615766530586308,1.3487353530641706
4.0647225641034535,4.600887197717055,1.464511962353892,1.425970900349513
4.098518606510736,4.5069993867448135,1.373879896271075,1.485912578757546
4.149744649591014,4.421576984889328,1.2954344502516866,1.5053914871265868
4.217831248435292,4.348660746585385,1.232498964171749,1.5088100471581882
4.29724945687684,4.288229307787714,1.1880817007113271,1.495403574080659
4.382436127324058,4.236083897464754,1.1602678815186118,1.4720945056828747
4.470412354617323,4.188753272418652,1.1460675971654137,1.4434482010274283
4.56005307576567,4.144643592382237,1.1420243538553527,1.4113941819222222
4.649731241248518,4.100601305962145,1.1421047757716187,1.3792942533883834
4.738416242412754,4.054648224441293,1.1487505244149425,1.3492529933086626
4.824043489054689,4.003192384779204,1.1577532705199851,1.3251564320687943
4.906231055477289,3.9464328148592416,1.168994455090443,1.3071258296561017
4.984718928137639,3.884674145857841,1.1824648318809152,1.2881641343766788
5.057570684178,3.8163835205109535,1.1956663171040556,1.270055933765078
5.126567522065851,3.7441245735672632,1.2115680205834654,1.265152886730876
5.194478830615384,3.6708475472588304,1.2267378951568457,1.2625560156090991
5.261308846671495,3.596580858334999,1.2404634396149312,1.2678175977379593
5.327962844024883,3.522155207632511,1.2532676973743277,1.2733163066042226
5.395636253202778,3.448669031030525,1.2688669123922933,1.2774287891638558
5.4646555662067735,3.3764416239920325,1.2937955727419352,1.2796984652033312
5.536495953840929,3.3070162152974345,1.3232309179967094,1.2779935149564456
5.608235760036008,3.237484034642175,1.3455132428017975,1.2772426374894186
5.682394119911127,3.1705492327126557,1.3671518862163141,1.2807520229710125
5.759810562072041,3.107446524930578,1.397993498032811,1.2870067361478756
5.841721304986538,3.0502804368752905,1.431364101442545,1.2935512033332948
5.927297025752238,2.998800469722982,1.4751349564375094,1.3010195962752642
6.017617767511487,2.956301380200164,1.5242170524300918,1.3059788847694862
6.112283595449503,2.9246707367905733,1.585421611151312,1.3068571810544976
6.210433338384722,2.9067783835805434,1.6397438334034726,1.3011745454016408
6.310177384598764,2.903296401658767,1.5399606986015986,1.2886304726887001
6.4096327828751445,2.912182492842221,1.4406694439842047,1.271403759933191
6.507376548972493,2.9326712205499392,1.3435493772847038,1.2502147822667256
6.602375230097544,2.9633835960998063,1.2477718744235824,1.2262870192023643
6.692971834342011,3.0052426724309584,1.157250815350995,1.193227248654123
6.7779181204843555,3.0576332472978702,1.0723681858174128,1.1558697669804268
6.855190447546726,3.1209067465709612,0.995554075680561,1.1135193944265693
6.924984521208597,3.192298525539565,0.9250697278037127,1.0684980079123525
6.987499707602177,3.2701452949167877,0.862583816727192,1.0222031988647347
7.042376851412377,3.3535768546879368,0.8081237662181296,0.9751586692455932
7.089942859473584,3.441381260337256,0.7611356660516511,0.9285707622561578
7.13002774781161,3.532853879821458,0.7216310276573827,0.8830438505062435
7.163066744468583,3.6271132123180307,0.6884291442717082,0.8397910968842539
7.1895156470279495,3.7234253858662405,0.6618058537684487,0.8000913588196545
7.209423221837161,3.8213001397150053,0.6418125088497303,0.7577778442442358
7.221606862577048,3.9204205193440353,0.6296059169373961,0.7158795484831986
7.22671528112759,4.0201849096615305,0.6245009084541292,0.6792136607750039
7.2274343658398275,4.120062622679602,0.6237837936211597,0.651535312256658
7.224436507498241,4.219921737138856,0.6267752346427558,0.634740517948445
7.218354018552297,4.319641019232993,0.6328369021599559,0.6303626639952548
7.212171062481799,4.419356734828115,0.6389990676968483,0.6416030924706737
7.207896935235701,4.519158649081227,0.6432614152827197,0.6695606903891866
7.203144305721716,4.618941670922028,0.648000457764025,0.7101592408901098
7.196079344151573,4.718595879320755,0.6550405056954358,0.7598531352434379
7.1855766112066375,4.817945735041356,0.6654959244555902,0.8160566192646763
7.172589485402921,4.916988923257993,0.6784170718844754,0.8777237372317345
7.156547669328332,5.015596982524167,0.6943697188855368,0.9355526861885369
7.13675417498026,5.113518982020222,0.7140431716488013,0.990311651262656
7.114712653235421,5.210951222456336,0.7359531779881818,1.043455757432468
7.0898422326659185,5.307713102026594,0.7606803586916767,1.0793220467774207
7.061887670066729,5.403626258804024,0.7884849040714247,1.1146032488381574
7.032959773874737,5.499249818539513,0.817284761672379,1.1565548201211693
7.001947745938545,5.594221528122844,0.848186574429432,1.1997885734234706
6.969565635562683,5.688733943413091,0.8804882177256136,1.2440082275755524
6.937558552443448,5.7833749729755795,0.9124525962019314,1.2884794415430225
6.904317511098236,5.877591949517256,0.9456831773393763,1.3312512054786496
6.872911633278461,5.972428454911638,0.977107867562572,1.375832840018815
6.842360896489326,6.067552359351298,1.0076982504446763,1.4213150932880907
6.811876413530766,6.162697612484676,1.0382414125500263,1.4669540085456378
6.781542691692604,6.2578910809969575,1.0686504468255609,1.5128206411499077
6.751062925613179,6.353037863961271,1.099222274579735,1.5586303209937384
6.720421037066332,6.448132434269252,1.1299723043329712,1.6043594067947777
6.6896634838667834,6.543189809502424,1.160852972043693,1.646515975600642
6.658449476332514,6.638098242264497,1.1922078362634225,1.6758643411600145
6.629018974529148,6.733559148966188,1.221773266499881,1.7122732732274413
6.598897807251136,6.8288066840903,1.252046276338266,1.752973547247435
6.568510887345645,6.923972192754767,1.282334403537657,1.7980642675949305
6.539074454016666,7.0194311514401555,1.311602776515028,1.844587580267524
6.5083157514628125,7.114480479724591,1.3422033016611945,1.8899683794999271
6.47814827162914,7.209711141203121,1.3722410652734927,1.935962110502144
6.4468693054882955,7.304598020252091,1.4034041732492195,1.980987670799217
6.415775859006101,7.39954604589499,1.4344050973486266,2.0262435034901376
6.384936284481109,7.494576869751055,1.4651736230674117,2.0717915072171222
6.353989892387328,7.589572881645207,1.4960672287460508,2.117288073368562
6.323022468535923,7.684561982680693,1.5269995152019211,2.1624497867405488
6.291954613411139,7.779518399260183,1.5580488424083998,2.2068367572225775
6.260553306993862,7.874364957457863,1.5894476459591926,2.2107560157889763
6.22906144159431,7.969176441110481,1.620952811770016,2.1793437379722507
6.196440724014071,8.06360847800659,1.6536045341444434,2.1468245748632246
6.164033161877793,8.158111379110396,1.6860586991956554,2.114534505884236
6.1329725807235915,8.253066069459685,1.7171750152235468,2.083546763506505
6.102155046982542,8.348099719391998,1.7480589060182639,2.0526265737046803
6.073786465339768,8.443895253338617,1.776491446160639,2.0241785552013836
6.047877326166851,8.540375510623097,1.802458845010062,1.9982083215510429
6.023689572050663,8.63730616124016,1.8267004983077009,1.9739712912122351
6.003018351504796,8.735049692880814,1.8474119989894595,1.9532666148545073
5.985377435288594,8.833371152510125,1.8650825632327277,1.9356024337566398
5.970267186491322,8.932124511963927,1.8802140150069144,1.9204759280310526
5.958892319789077,9.031378798776547,1.8915999021864807,1.9090921023725251
5.950327778214397,9.130903614816416,1.9001700636133645,1.9005223190449945
5.9439054240360925,9.230601703709933,1.9065946386768189,1.8940970139130997
5.94158851552329,9.330468788342124,1.9089109753866886,1.891779150316597
5.941105505840281,9.43037312643896,1.9093930422308012,1.8912955306970403
5.9429499200682585,9.530260872406274,1.9075486727080306,1.8931388684604658
5.945601036553617,9.63012961894772,1.9048982472545701,1.8957885654016136
5.947907174575868,9.73000830420566,1.9025924837467239,1.8980934644291731
5.950000000000365,9.829886154358636,1.9004999968295417,1.9001850657179014
5.950000000000365,9.929795802640792,1.9004990562266038,1.9001844923844673
5.950000000000365,10.029705450922947,1.9004981165088903,1.9001839199403756
5.950000000000365,10.1296150992051,1.9004971776764024,1.9001833483856267
5.950000000000365,10.229524747487254,1.900496239729141,1.9001827777202218
5.950000000000365,10.329434395769411,1.9004953026671076,1.9001822079441615
5.950000000000365,10.429344044051565,1.900494366490304,1.9001816390574466
5.950000000000365,10.529253692333716,1.9004934311987314,1.9001810710600782
5.950000000000365,10.629163340615868,1.9004924967923904,1.9001805039520563
5.950000000000365,10.729072988898022,1.9004915632712829,1.9001799377333826
5.950000000000365,10.828982637180177,1.9004906306354101,1.9001793724040574
5.950000000000365,10.928892285462329,1.9004896988847733,1.9001788079640818
5.950000000000365,11.02880193374448,1.9004887680193738,1.9001782444134563
5.950000000000365,11.12871158202664,1.9004878380392125,1.9001776817521818
5.950000000000365,11.228621230308796,1.9004869089442913,1.900177119980259
5.950000000000365,11.328530878590948,1.9004859807346113,1.9001765590976891
5.950000000000365,11.428440526873104,1.9004850534101738,1.9001759991044722
5.950000000000365,11.528350175155259,1.90048412697098,1.9001754400006097
5.949086801646695,11.628245064869473,1.901396500382227,1.8992615672517674
5.94356292528532,11.727992303031098,1.9069217093087472,1.89373544263157
5.935745938110944,11.8275950643908,1.914742705427195,1.8859144859469608
5.928464352704735,11.927236824112038,1.922027558511401,1.8786294321275223
5.924212442837962,12.027045036002928,1.9262797471379545,1.8743760081554617
5.9251681963661555,12.126926290593389,1.9253239522591865,1.8753307618594048
5.933116642220129,12.226481532218196,1.9173846867829398,1.88327337737362
5.949295844296323,12.32502317160555,1.901240814967868,1.8994337423892595
5.976805478777205,12.420939924862397,1.873838491989457,1.92689771579797
6.015676797418207,12.512905041194406,1.83482346192719,1.965706840295206
6.062501334842683,12.601134546941463,1.7877710037973753,1.9950948026612214
6.115178868162789,12.686015182916861,1.7348969178999856,1.931973335800099
6.171444968889535,12.768562925513253,1.678555394791829,1.8755888293148144
6.230063332844345,12.84946588491755,1.6200609973426985,1.8235356996959868
6.290177500827114,12.929266406746788,1.5603388558726934,1.774727037598117
6.35071625407199,13.008745883232677,1.4997998021521086,1.7307991257580688
6.410911193766662,13.088485519344948,1.4392170387744556,1.6912374127250343
6.4698353728130735,13.169165299939015,1.3801646273775603,1.6552703266867546
6.526660412102838,13.251334459586591,1.3234576397913689,1.6221976997160232
6.579729116027688,13.335971152081147,1.2706970861556737,1.5903798000632734
6.6276140554593885,13.423618451978422,1.223218743175597,1.5585239019154504
6.668008582897607,13.514927314081792,1.1828931560134142,1.5245087786460034
6.697612099400797,13.610243597954575,1.1531394798956656,1.4854519044449583
6.7151111234184055,13.708568950172728,1.1355965163681272,1.4405703345869312
6.724225372785932,13.808031730381094,1.1264736245340907,1.3936308141026659
6.726108680599701,13.90790419089013,1.1245916227808,1.345859784731611
6.722480946594582,14.00773868585952,1.1282159052381986,1.2989818856356392
6.715468535354804,14.107399804967265,1.1352167839565275,1.2551810127383534
6.707516765357175,14.206992266255911,1.1431542925716263,1.2171320079847565
6.701399665273623,14.306708598655671,1.1492626414158689,1.1880752374384485
6.70000000000041,14.40659562638124,1.1506621252636215,1.1714138445024134
6.70000000000041,14.506505274663393,1.150663517622364,1.156564293944871
6.70000000000041,14.60641492294555,1.1506649114422731,1.150232764532553
6.70000000000041,14.7063245712277,1.150666306723343,1.1502335923194809
6.70000000000041,14.806234219509852,1.1506677034655688,1.1502344215752898
6.70000000000041,14.906143867792009,1.1506691016689452,1.1502352522999764
6.70000000000041,15.006053516074168,1.150670501333467,1.150236084493537
6.70000000000041,15.105963164356318,1.1506719024591283,1.1502369181559695
6.70000000000041,15.205872812638471,1.1506733050459241,1.1502377532872698
6.70000000000041,15.305782460920625,1.1506747090938494,1.150238589887435
6.70000000000041,15.40569210920278,1.1506761146028985,1.1502394279564618
6.70000000000041,15.50560175748493,1.150677521573066,1.1502402674943473
6.70000000000041,15.605511405767082,1.1506789300043465,1.150241108501088
6.70000000000041,15.70542105404924,1.150680339896735,1.1502419509766806
6.70000000000041,15.8053307023314,1.150681751250226,1.1502427949211218
6.70000000000041,15.905240350613552,1.1506831640648139,1.150243640334409
6.70000000000041,16.005149998895703,1.150684578340493,1.1502444872165383
6.70000000000041,16.10505964717786,1.150685994077259,1.1502453355675066
6.70000000000041,16.204969295460018,1.1506874112751055,1.150246185387311
6.70000000000041,16.30487894374217,1.1506888299340277,1.1502470366759476
6.70000000000041,16.404788592024325,1.1506902500540193,1.1502478894334138
6.70000000000041,16.50469824030648,1.1506916716350764,1.1502487436597062
6.70000000000041,16.60460788858864,1.1506930946771923,1.150249599354821
6.70000000000041,16.704517536870792,1.150694519180362,1.1502504565187557
6.70000000000041,16.804427185152946,1.15069594514458,1.1502513151515064
6.70000000000041,16.904336833435103,1.150697372569841,1.1502521752530699
6.70000000000041,17.00424648171726,1.15069880145614,1.1502530368234432
6.70000000000041,17.104156129999414,1.1507002318034705,1.1502538998626228
6.70000000000041,17.204065778281567,1.1507016636118275,1.1502547643706056
6.70000000000041,17.303975426563724,1.150703096881206,1.1502556303473879
6.70000000000041,17.40388507484588,1.1507045316116,1.1502564977929666
6.70000000000041,17.503794723128035,1.1507059678030045,1.1502573667073384
6.70000000000041,17.60370437141019,1.1507074054554136,1.1502582370905001
6.700116784765169,17.703612132286526,1.1505920655085664,1.1503759074591788
6.704669471895325,17.80340996745226,1.1460397022972335,1.1571275239591314
6.7121297018940425,17.903040314277227,1.138575707877657,1.1752339900867257
6.719448001346492,18.002681036425198,1.1312539218890916,1.2012673293176355
6.724645518200843,18.10245125440792,1.126056167258074,1.2328768171029254
6.726057090550008,18.202337854712646,1.1246461111753812,1.26810117852304
6.7218567991743,18.302130608891332,1.1288411161063059,1.3049301685740868
6.709797095477,18.40125610010729,1.1408678328536213,1.341031714542892
6.6870957230109305,18.49845828557633,1.1634700360521713,1.37351748756417
6.650663478934163,18.591343757296528,1.1996942689125127,1.3988477633994247
6.597181519738479,18.675481207940294,1.224532592230866,1.4093527418858096
6.5268303348508985,18.746063045234266,1.154477706119593,1.4015683270099504
6.4429356247128755,18.79993061689635,1.1011408099079203,1.3794010880469216
6.3501394883239355,18.836601065594774,1.0642080703143986,1.345246685018722
6.252983882251446,18.859504012723363,1.0412183491025457,1.3040441070428015
6.153878038871863,18.871724069744644,1.028978407560151,1.2592481908066155
6.054090278107965,18.876045221175097,1.0246572218236472,1.2136704489482613
5.954202211209682,18.87471817435695,1.0259840792557187,1.1696040009424733
5.854429215699225,18.86957046711562,1.0311247652650335,1.1290728733894868
5.7547876545301975,18.862263607379816,1.038418479800305,1.09411010210894
5.655157918078443,18.854795158995554,1.0458734896071724,1.0672276554908846
5.555363680661378,18.850173414520544,1.050489647239553,1.0520393884767816
5.455456835001411,18.850000000001156,1.050664310706036,1.050661443815197
5.355547186719259,18.850000000001156,1.0506657702346685,1.0506599860184946
5.255637538437101,18.850000000001156,1.0506672313633518,1.0506585298285154
5.155727890154946,18.850000000001156,1.05066869409208,1.050657075245266
5.055818241872792,18.850000000001156,1.050670158420846,1.0506556222687529
4.955908593590639,18.850000000001156,1.0506716243496432,1.050654170898983
4.855998945308482,18.850000000001156,1.0506730918784648,1.0506527211359629
4.756089297026327,18.850000000001156,1.0506745610073045,1.0506512729796993
4.656179648744176,18.850000000001156,1.0506760317361548,1.0506498264301987
4.556270000462025,18.850000000001156,1.0506775040650098,1.0506483814874676
4.45636035217987,18.850000000001156,1.0506789779938623,1.0506469381515133
4.356450703897716,18.850000000001156,1.0506804535227061,1.0506454964223417
4.256541055615565,18.850000000001156,1.0506819306515336,1.0506440562999597
4.156631407333413,18.850000000001156,1.0506834093803388,1.0506426177843737
4.056721759051259,18.850000000001156,1.0506848897091146,1.050641180875591
3.956812110769104,18.850000000001156,1.0506863716378545,1.0506397455736174
3.856902462486953,18.850000000001156,1.050687855166551,1.0506383118784597
3.7569928142048017,18.850000000001156,1.0506893402951982,1.0506368797901247
3.6570831659226473,18.850000000001156,1.0506908270237894,1.050635449308619
3.5571735176404924,18.850000000001156,1.0506923153523169,1.0506340204339488
3.457263869358341,18.850000000001156,1.0506938052807744,1.0506325931661207
3.35735422107619,18.850000000001156,1.0506952968091552,1.0506311675051414
3.2574445727940358,18.850000000001156,1.0506967899374524,1.0506297434510177
3.157534924511881,18.850000000001156,1.0506982846656592,1.050628321003756
3.0576252762297296,18.850000000001156,1.0506997809937686,1.0506269001633624
2.9577156279475787,18.850000000001156,1.0507012789217738,1.0506254809298434
2.857805979665424,18.850000000001156,1.050702778449668,1.0506240633032065
2.7578963313832694,18.850000000001156,1.0507042795774448,1.0506226472834572
2.657986683101118,18.850000000001156,1.0507057823050967,1.0506212328706022
2.5580770348189668,18.850000000001156,1.0507072866326168,1.0506198200646482
2.4581673865368123,18.850000000001156,1.050708792559999,1.0547697579193085
2.3583494808539562,18.85395541769569,1.0467541848978719,1.066954151699307
2.258714052751692,18.861323287546583,1.039382725457928,1.091501137094373
2.1590898463139037,18.86886115362617,1.0318409729741052,1.1245792632457505
2.0593346988710275,18.874323631872283,1.0263780301110204,1.163434417769557
1.9594545353898896,18.876113409248493,1.0245899059586174,1.2060798857648067
1.8596316544104001,18.872609626139194,1.0280896044515806,1.2506542775924434
1.7603394810807567,18.861900834069328,1.0387703102775705,1.2951460827285537
1.662572452269462,18.841659317568165,1.0589269905932759,1.337177993601758
1.5681861492087767,18.809256822557185,1.0911488386857446,1.3738792105351385
1.4801761344694946,18.762333814719558,1.1378068724910202,1.4020306124271449
1.4024388739611153,18.699871176163132,1.2001363107951246,1.4187400155268646
1.3394250355531072,18.622580696866695,1.2396023379408343,1.4215621655476018
1.2920463216242548,18.53481309878692,1.1925048446913022,1.4125372292433191
1.2592257894310575,18.44057560409862,1.1598715065672034,1.3944344430382762
1.2386283048674773,18.34288754313384,1.1393618459035175,1.364442169100071
1.2276325048234302,18.243629487397673,1.1283954781749546,1.3317896451142066
1.223908488374972,18.143815509531667,1.1246760051496887,1.2989262031456084
1.2255406760417902,18.04393260291368,1.1263065537393275,1.2678790749559945
1.2309069326794164,17.94417203800849,1.1316731491431822,1.2404522171271406
1.238415868314198,17.84454564564375,1.1391859133905273,1.2184933654222367
1.2458612400017497,17.744915493708657,1.1466350195036847,1.20451106882544
1.2500000000000764,17.64510273170186,1.1507730423528921,1.2003770431228982
1.2500000000000764,17.545193083419715,1.1507715395142117,1.2003780741938186
1.2500000000000764,17.445283435137558,1.1507700381362858,1.2003791066719436
1.2500000000000764,17.345373786855397,1.1507685382191208,1.2003801405572698
1.2500000000000764,17.245464138573254,1.1507670397627228,1.200381175849794
1.2500000000000764,17.145554490291097,1.1507655427670962,1.2003822125495118
1.2500000000000764,17.045644842008937,1.1507640472322476,1.2003832506564203
1.2500000000000764,16.94573519372678,1.1507625531581827,1.2003842901705153
1.2500000000000764,16.84582554544462,1.1507610605449068,1.2003853310917934
1.2500000000000764,16.745915897162472,1.1507595693924264,1.2003863734202513
1.2500000000000764,16.646006248880315,1.1507580797007464,1.2003874171558846
1.2500000000000764,16.546096600598155,1.1507565914698723,1.20038846229869
1.2500000000000764,16.44618695231601,1.150755104699811,1.2003895088486642
1.2500000000000764,16.34627730403385,1.1507536193905665,1.2003905568058029
1.2500000000000764,16.246367655751694,1.1507521355421457,1.2003916061701025
1.2500000000000764,16.14645800746953,1.1507506531545533,1.2003926569415593
1.2500000000000764,16.046548359187373,1.150749172227796,1.20039370912017
1.2500000000000764,15.946638710905226,1.150747692761879,1.2003947627059308
1.2500000000000764,15.846729062623071,1.1507462147568077,1.2003958176988376
1.2500000000000764,15.746819414340914,1.1507447382125877,1.200396874098887
1.2500000000000764,15.64690976605876,1.1507432631292251,1.2003979319060754
1.2500000000000764,15.547000117776605,1.1507417895067251,1.2003989911203987
1.2499059803585726,15.447091988983905,1.1506464126963958,1.2004940792759915
1.2453810542345842,15.347292707525632,1.1461269088482775,1.2050214083261819
1.2377910325847623,15.247672601514912,1.1385509103244358,1.2126174475839362
1.2300561753564703,15.148063441743796,1.1308308230706885,1.220358573244326
1.2247531938587783,15.048299488850866,1.1255353879927246,1.22566462336501
1.224147006184818,14.948403425598174,1.1249285986857993,1.2262720330941212
1.2301275242987058,14.848691925964307,1.1309108195100361,1.220299877104303
1.2434104026599324,14.749687954145573,1.1442167332992483,1.2070474050400417
1.264142756619812,14.651981550393037,1.1650164570932338,1.1863880608602557
1.2924267268505365,14.556203777871202,1.1934413704191755,1.1591423667024725
1.329381549864791,14.46346257689016,1.2301523014148321,1.1310194153337971
1.3762344256421353,14.375296956024167,1.175372746774098,1.1005223548789689
1.4325623976775765,14.292831933609872,1.0936768012468427,1.0669601664337343
1.4973459472476034,14.216820571954933,1.0168512236181761,1.024200300516952
1.5685286100861298,14.14677120663901,0.9500679125890772,0.9814943924605188
1.6445041045117026,14.081933533689845,0.8954598404157632,0.940741002883958
1.724499046210632,14.022118878562804,0.8550597582919413,0.9030388596707564
1.8080436569894793,13.967342506024044,0.8308525824270189,0.8692079675480544
1.8932150248681547,13.915121759349034,0.8212336975490457,0.8429141976417031
1.9792684128280156,13.864360431023623,0.8254066905185719,0.8262210876667029
2.065339116406053,13.813628648403355,0.8415388418364407,0.8213925771801435
2.150603283425192,13.761558132733755,0.8674504691166798,0.8302170551027449
2.2341636866397176,13.706814306249289,0.8939751027356424,0.8538063756302835
2.3144390380663356,13.647374715936225,0.9222829484726897,0.8880320123073038
2.3906750930919447,13.582834662998302,0.9542199129000597,0.9331575826883286
2.462055215140239,13.512993969682617,0.9886684203407675,0.9921236076406496
2.526847801065745,13.437026168555425,1.0235449404818309,1.063578103305271
2.583229607137143,13.35463310787388,1.0570715615814095,1.14555095530811
2.629772739299247,13.266298959309214,1.0881678276706872,1.2341389256005046
2.665779868560523,13.173152342222075,1.1165611010308278,1.2347027218254154
2.691925717155302,13.076760636827695,1.142821424501997,1.208674199153163
2.7104211998591734,12.978616564250226,1.1613710990573995,1.19024720907301
2.7216938224370297,12.879378639953439,1.1726600180897426,1.1790053070592266
2.7260642767614494,12.77959297520176,1.1770302420590784,1.17464317141418
2.7243007073369743,12.67971586717226,1.175267777869769,1.176408234603078
2.718319517268512,12.579991293593576,1.1692974157141214,1.1823936716992371
2.710451564548564,12.480392261660919,1.1614472167412604,1.1902690958380924
2.7033427004518953,12.38073920097449,1.1543534829304987,1.1973840147374204
2.7000000000001654,12.280904105483579,1.1510151251501568,1.2007287156309356
2.7000000000001654,12.180994457201427,1.1510134031667005,1.200730148456528
2.7000000000001654,12.081084808919272,1.1510116826430785,1.2007315826880878
2.7000000000001654,11.981175160637116,1.1510099635792974,1.2007330183256102
2.7000000000001654,11.881265512354958,1.1510082459753637,1.2007344553690895
2.7000000000001654,11.781355864072808,1.1510065298312842,1.2007358938185217
2.7000000000001654,11.681446215790649,1.1510048151470649,1.200737333673901
2.7000000000001654,11.581536567508492,1.1510031019227127,1.2007387749352223
2.7000000000001654,11.481626919226342,1.1510013901582345,1.200740217602481
2.7000000000001654,11.381717270944188,1.1509996798536364,1.2007416616756716
2.7000000000001654,11.281807622662027,1.1509979710089242,1.2007431071547892
2.7000000000001654,11.181897974379872,1.1509962636241056,1.200744554039829
2.7000000000001654,11.081988326097715,1.1509945576991865,1.2007460023307852
2.7000000000001654,10.982078677815565,1.1509928532341736,1.2007474520276538
2.7000000000001654,10.88216902953341,1.1509911502290733,1.2007489031304286
2.7000000000001654,10.782259381251254,1.1509894486838919,1.200750355639105
2.7000000000001654,10.682349732969106,1.1509877485986364,1.2007518095536782
2.7000000000001654,10.58244008468695,1.1509860499733124,1.2007532648741426
2.7000000000001654,10.482530436404797,1.150984352807927,1.2007547216004932
2.7000000000001654,10.382620788122642,1.1509826571024866,1.2007561797327249
2.7000000000001654,10.282711139840487,1.1509809628569976,1.2007576392708328
2.7000000000001654,10.182801491558338,1.1509792700714665,1.2007591002148117
2.7000000000001654,10.08289184327618,1.1509775787458993,1.200760562564656
2.7000000000001654,9.982982194994023,1.150975888880303,1.2007620263203609
2.7000000000001654,9.88307254671187,1.150974200474684,1.2007634914819214
2.7000000000001654,9.783162898429715,1.1509725135290483,1.2007649580493325
2.7000000000001654,9.683253250147558,1.1509708280434026,1.2007664260225885
2.7000000000001654,9.583343601865405,1.1509691440177534,1.2007678954016845
2.7000000000001654,9.48343395358325,1.1509674614521068,1.2007693661866154
2.7000000000001654,9.383524305301101,1.15096578034647,1.2007708383773765
2.7000000000001654,9.283614657018948,1.1509641007008482,1.2007723119739617
2.7000000000001654,9.183705008736792,1.1509624225152486,1.2007737869763662
2.7000000000001654,9.083795360454644,1.1509607457896776,1.2007752633845852
2.7005207230382307,8.983894127788112,1.15147970320943,1.2002566579530631
2.7030594429315777,8.884018358601548,1.1540160224275213,1.1977222924739281
2.7045289064961917,8.784123349104968,1.155483196918802,1.1962558069157891
2.7066186247120405,8.684240734494917,1.157570624887101,1.194169936066568
2.7078794176214385,8.58434384064504,1.1588292372063187,1.1929119371424808
2.706411906956979,8.484453633267194,1.1573620561707052,1.1943806795877059
2.703310790022269,8.384596619622076,1.1542639635241676,1.1974831534928885
2.6973668879545705,8.284869211341654,1.1483307712013795,1.2034312466497503
2.6894417219332385,8.185290697440232,1.14042430689589,1.2113647145106894
2.6770973293843494,8.08615215727958,1.1281215337666566,1.223730574655605
2.6628733915126683,7.987275164035059,1.113953899406836,1.237984502655892
2.6458897954305844,7.888823393752141,1.0970026322800033,1.255012423479995
2.6270374199180813,7.790712113254462,1.0780906267276462,1.2739214786535
2.6061451733610386,7.693011605420076,1.057123708642221,1.2947553628800748
2.585217421079309,7.595318815437028,1.0443079223973342,1.3155878638552598
2.562730166733351,7.497974820890786,1.0308826025149715,1.3379744589782296
2.5374991251835963,7.401307342501145,1.0242193002198736,1.3630918378545704
2.508705945955092,7.305642708526306,1.0235810527470637,1.324590008554148
2.474907831143023,7.211660879095448,1.0274034557061915,1.2965408139726056
2.4365062519229577,7.119431285493733,1.0359806081363532,1.2617537569861526
2.3955596512382096,7.0283034333111996,1.0512901509539552,1.2337258539831526
2.351590495595235,6.938627407775544,1.0724645220032438,1.2166208692775593
2.301272478989842,6.852315777693435,1.095487518588889,1.203839406946567
2.249293119327448,6.766993924540339,1.1190099715717279,1.180200302188299
2.194103350898301,6.683727864749923,1.1388296991360536,1.1684763925514532
2.1369611000104576,6.6017740235083835,1.1563514453841652,1.167581602366224
2.0763493306449465,6.522354247222544,1.1696388466987109,1.1653259126812112
2.0143545503846148,6.444010322291912,1.1811910594446164,1.1629650586770282
1.949486898816227,6.368031445039998,1.18904422308647,1.1728603245074627
1.883452314876253,6.29305572009763,1.195364387541235,1.1738754769177682
1.8161749328758994,6.219216565180582,1.196416042941445,1.17101731549513
1.7475006114849234,6.146651401134372,1.1804548450956491,1.1785445546689775
1.678132053276633,6.074749246770262,1.1718577239970736,1.1953504103552848
1.6078257042350688,6.003768276681312,1.1704332400948267,1.1993028247405297
1.538778172955505,5.931560736933512,1.1721616205481085,1.2000038096481755
1.470035075529658,5.859060832962691,1.1748174583495286,1.2085705017798383
1.4033929035979438,5.784633895392029,1.1803177977094201,1.2224523463210435
1.3379801105631988,5.709124769595611,1.1874498492989134,1.2189923683492279
1.274543614893934,5.631950483488273,1.1745922816902399,1.2133660342807269
1.213405474214424,5.552932095362517,1.1134518103405209,1.2130067775728108
1.1536541535465914,5.472861452773281,1.0540798987261375,1.2157172508792558
1.0955439876612023,5.391594104605529,0.996727461791243,1.1993308506681342
1.0396243677238932,5.308804033956515,0.940247755551233,1.1852334231180266
0.986293541641857,5.22432660997874,0.8864937961478289,1.17637082490305
0.9378091222824613,5.13701314403056,0.8378327074621932,1.166278911916703
0.8943493207371097,5.047065120777295,0.7943576334919383,1.1386899751163166
0.8558626077031956,4.954877302132537,0.7559472919879928,1.1139991616910003
0.823821094510253,4.8603051654722025,0.7240116810678722,1.086484013716429
0.7997490597787228,4.763363167399707,0.7000217708382626,1.0349545074022453
0.781678512366006,4.6651207778757655,0.682006978272683,0.9811382116837462
0.7686250340772157,4.566079370120826,0.668986591275024,0.930373914005202
0.7590883373135482,4.466630354056555,0.6594692494589283,0.8847305758979
0.7524762058113386,4.366960560593518,0.6528678312925944,0.8323396435156302
0.7489293310599835,4.267114010133645,0.6493238646469589,0.7800042348932582
0.7452503458641536,4.167278017509129,0.6456482721044607,0.7376804630545596
0.7413513176826126,4.067449357848502,0.641753074109346,0.7072493506528063
0.7361147427659507,3.9676773475348583,0.6365232578037804,0.6913994595920313
0.7294023292862295,3.8679986035415173,0.6298221008665803,0.691278715891147
0.7244351560955097,3.768216037063899,0.6248614367648395,0.7037393937591502
0.7220604636166403,3.6683549889692637,0.6224886512646024,0.7273219426884396
0.7253521851937411,3.5685100298115464,0.6257789938046519,0.7581419413453567
0.7336543314283746,3.468982840631097,0.6340880866919293,0.7891283017849424
0.7491836925754829,3.370319543744772,0.6496517055363316,0.8220515745619836
0.7713709863448107,3.272937168040756,0.6719193787560405,0.8592628043896197
0.8003715537774955,3.1773485017318244,0.7010760362936443,0.8998399893520347
0.8375911943884036,3.084674742079164,0.7386013637546833,0.9416659544711878
0.8823543850799052,2.995418900004281,0.7839016953945614,0.9846686196931101
0.935032061422629,2.910572504494372,0.8357913315440814,1.0277515495118659
0.9967481001532412,2.8320494728458594,0.8968616629985254,1.068815001640918
1.0675192964236873,2.7617022187872364,0.9676394653331378,1.1060645017550126
1.1464689284683112,2.7006553480899793,1.0474705826004769,1.1335672568290343
1.232631173233204,2.650258118383038,1.132637131955667,1.1568516151562012
